bioID,college,collegeOther,pos,height_cm,weight_kg,birth_date,birth_year
abrahta01w,George_Washington,Unknown,C,187.96,86.18248,1975-09-27,1975.0
abrossv01w,Connecticut,Unknown,F,187.96,76.657048,1980-07-09,1980.0
adairje01w,George_Washington,Unknown,C,193.04,89.357624,1986-12-19,1986.0
adamsda01w,Texas_A&M,Jefferson_College_(JC),F,185.42000000000002,108.408488,1989-02-19,1989.0
adamsjo01w,New_Mexico,Unknown,C,190.5,81.64656,1981-05-24,1981.0
adamsmi01w,Unknown,Unknown,Unknown,185.42000000000002,75.749864,,
adubari99w,Unknown,Unknown,Unknown,185.42000000000002,75.749864,,
aglerbr99w,Unknown,Unknown,Unknown,185.42000000000002,75.749864,,
aguilel01w,George_Washington,Unknown,G,170.18,74.84268,1976-10-15,1976.0
ajavoma01w,Rutgers,Unknown,G,172.72,72.57472,1986-05-07,1986.0
alberma01w,Ohio_State,Unknown,G,162.56,63.627089031240565,1975-04-12,1975.0
aldrima01w,UNC_Charlotte,Unknown,G,180.34,69.399576,1973-09-15,1973.0
alexaer01w,California-Santa_Barbara,Unknown,G,170.18,63.50288,1975-04-25,1975.0
alhalta01w,DePaul,Unknown,F,182.88,67.585208,1974-10-17,1974.0
allench01w,Notre_Dame,Unknown,G,180.34,61.23492,1986-07-23,1986.0
allenso99w,Unknown,Unknown,Unknown,185.42000000000002,75.749864,,
amachma01w,Unknown,Unknown,F,185.42000000000002,79.3786,1978-01-30,1978.0
ambermo01w,Arizona_State,Unknown,F,193.04,76.657048,1970-12-21,1970.0
anderam01w,Brigham_Young,Unknown,F,182.88,75.749864,1984-03-14,1984.0
anderch01w,Vanderbilt,Unknown,C,198.12,86.18248,1981-01-22,1981.0
anderjo01w,Wisconsin,Unknown,G,172.72,75.296272,1986-07-22,1986.0
anderke01w,Wisconsin,Unknown,G,170.18,56.699,1974-05-17,1974.0
andrame01w,Old_Dominion,Unknown,F,180.34,74.84268,1975-12-31,1975.0
angelyv01w,Ohio_State,Unknown,G,172.72,72.57472,1963-10-14,1963.0
anosini01w,Tennessee,Unknown,C,190.5,95.707912,1986-02-27,1986.0
appelja01w,Stanford,Unknown,C,193.04,95.25431999999999,1988-05-14,1988.0
arcaija01w,none,Unknown,G,180.34,66.678024,1969-04-11,1969.0
artiska01w,Northeastern,Unknown,F,185.42000000000002,70.30676,1973-07-09,1973.0
askamma01w,none,Unknown,C,195.58,89.811216,1970-08-07,1970.0
atkinla01w,North_Carolina,Unknown,G,182.88,78.017824,1984-03-22,1984.0
atunrmo01w,Texas_A&M,Unknown,G,177.8,64.863656,1986-04-14,1986.0
augusse01w,Louisiana_State,Unknown,F,182.88,81.192968,1984-04-30,1984.0
aycocan01w,Kansas,Unknown,G,187.96,78.017824,1973-02-28,1973.0
ayimmi01w,Pepperdine,Unknown,F,190.5,80.96255005964697,1988-05-06,1988.0
azizle01w,Syracuse,Unknown,F,190.5,80.28578399999999,1979-02-28,1979.0
azzije01w,Stanford,Unknown,G,172.72,64.863656,1968-08-31,1968.0
badertr01w,Boise_State,Unknown,G,162.56,56.699,1973-02-26,1973.0
bakerla01w,California,Unknown,G,170.18,63.50288,1968-12-18,1968.0
bakersh01w,Georgia,Unknown,G,172.72,56.699,1982-12-03,1982.0
balesal01w,Duke,Unknown,C,200.66,98.883056,1985-04-04,1985.0
banchrh01w,Washington,Unknown,C,190.5,83.91452,1973-05-01,1973.0
baranel01w,Academy_of_Sport_Moscow,Unknown,F,195.58,82.553744,1972-01-28,1972.0
barksla01w,North_Carolina,Unknown,G,177.8,70.760352,1979-10-03,1979.0
barnead01w,Arizona,Unknown,F,180.34,74.84268,1977-02-03,1977.0
barnequ01w,Indiana,Unknown,C,195.58,83.91452,1976-09-26,1976.0
bassmi01w,Duke,Unknown,F,190.5,83.460928,1983-12-02,1983.0
batkosu01w,Unknown,Unknown,C,193.04,92.079176,1980-12-17,1980.0
batteja01w,Notre_Dame,Unknown,F,185.42000000000002,73.935496,1983-03-26,1983.0
battlas01w,Connecticut,Unknown,F,182.88,77.11064,1982-05-31,1982.0
bauerca01w,Montana_State,Unknown,F,193.04,81.64656,1972-06-27,1972.0
beardal01w,Duke,Unknown,G,180.34,72.57472,1982-05-14,1982.0
becenry01w,Arizona_State,Scottsdale_CC_(JC),G,167.64000000000001,63.50288,1971-08-11,1971.0
beckan99wc,Unknown,Unknown,Unknown,185.42000000000002,75.749864,,
beckki01w,George_Washington,Unknown,G,172.72,56.699,1985-12-27,1985.0
bellje01w,Florida_International,Unknown,F,185.42000000000002,72.57472,1970-05-26,1970.0
bennije01w,Vanderbilt,Unknown,F,190.5,83.91452,1981-10-06,1981.0
berezva01w,Rice,Unknown,C,193.04,82.53850106222939,1986-04-10,1986.0
berggas01w,Illinois,Unknown,G,177.8,77.11064,1976-11-18,1976.0
berrysh01w,Iowa,Unknown,F,190.5,79.3786,1967-07-06,1967.0
berthlu01w,Old_Dominion,Unknown,F,187.96,85.275296,1978-03-31,1978.0
berubca01w,Connecticut,Unknown,F,182.88,70.30676,1975-09-02,1975.0
beviltu01w,Unknown,Unknown,G,170.18,65.77083999999999,1972-07-19,1972.0
bibbyhe01w,Unknown,Unknown,Unknown,185.42000000000002,75.749864,,
bibbyje01w,Unknown,Unknown,G,170.18,63.049288,1979-08-23,1979.0
bibrzag01w,Unknown,Unknown,G,187.96,76.203456,1982-10-21,1982.0
birdsu01w,Connecticut,Unknown,G,175.26,68.0388,1980-10-16,1980.0
bishoab01w,Unknown,Unknown,F,187.96,79.38659905706457,1988-11-29,1988.0
bjedoni01w,Unknown,Unknown,C,198.12,88.45044,1971-05-18,1971.0
bjorkan01w,Tennessee,Unknown,F,182.88,75.296272,1989-07-14,1989.0
bjorkte01w,Colorado,Unknown,C,193.04,79.3786,1982-06-29,1982.0
blackch01w,Duke,Unknown,C,195.58,85.275296,1985-11-12,1985.0
blackde01w,St._Joseph's,Unknown,G,160.02,56.245408,1966-07-29,1966.0
bladerh01w,Vanderbilt,Unknown,G,170.18,62.595696,1972-10-29,1972.0
blodgci01w,Maine,Unknown,G,175.26,58.96696,1975-12-23,1975.0
blueni01w,UCLA,Unknown,G,172.72,73.935496,1984-03-29,1984.0
blueoc01w,Miami_(FL),Unknown,F,185.42000000000002,73.935496,1976-08-18,1976.0
bobbish01w,Tennessee,Unknown,G,157.48,58.96696,1985-12-06,1985.0
boddiwh01w,Auburn,Unknown,G,175.26,67.585208,1987-01-23,1987.0
boguemu01w,Unknown,Unknown,Unknown,185.42000000000002,75.749864,,
boldeba01w,Louisiana_Tech,Unknown,G,187.96,81.64656,1969-06-16,1969.0
boltoru01w,Auburn,Unknown,G,175.26,68.0388,1967-05-25,1967.0
bondla01w,Missouri,Unknown,G,170.18,59.874144,1984-02-13,1984.0
bonfisu01w,Unknown,Unknown,G,172.72,65.77083999999999,1974-09-08,1974.0
bonnede01w,Auburn,Unknown,G,193.04,61.688512,1987-08-21,1987.0
bookeka01w,Vanderbilt,Unknown,C,185.42000000000002,77.11064,1965-04-10,1965.0
bosweca01w,Illinois_State,Unknown,F,182.88,76.203456,1962-11-10,1962.0
bouceje01w,Virginia,Unknown,G,172.72,58.96696,1973-12-20,1973.0
bouchke01w,Unknown,Unknown,F,187.96,73.935496,1968-01-13,1968.0
bowenli01w,Michigan_State,Unknown,G,170.18,65.77083999999999,1983-10-25,1983.0
boydca01w,Unknown,Unknown,F,185.42000000000002,78.017824,1975-10-31,1975.0
boyerli99w,Unknown,Unknown,Unknown,185.42000000000002,75.749864,,
bradlki01w,Oral_Roberts,Unknown,F,195.58,83.91452,1974-08-26,1974.0
brancli01w,Texas_A&M,Unknown,G,162.56,63.627089031240565,,
branzal01w,Florida_International,Unknown,F,193.04,81.64656,1971-07-17,1971.0
branzge01w,Florida_International,Unknown,F,193.04,79.3786,1976-07-25,1976.0
braxtja01w,Louisiana_Tech,Unknown,F,190.5,80.739376,1973-10-06,1973.0
braxtka01w,Georgia,Unknown,F,198.12,95.25431999999999,1983-02-18,1983.0
brazian01w,Texas_Tech,Unknown,F,187.96,76.657048,1976-09-18,1976.0
brcanra01w,none,Unknown,C,203.2,89.811216,1967-04-15,1967.0
brelaje01w,North_Carolina,Unknown,F,190.5,77.11064,1988-02-23,1988.0
bristre01w,Arizona,Unknown,G,177.8,63.049288,1978-02-10,1978.0
brogami01w,Unknown,Unknown,F,185.42000000000002,80.28578399999999,1973-02-08,1973.0
brondsa01w,U._Western_Sydney,Unknown,G,170.18,61.688512,1968-08-20,1968.0
brownci01w,Long_Beach_State,Unknown,F,187.96,83.007336,1965-03-16,1965.0
brownco01w,North_Carolina,Unknown,G,175.26,68.0388,1980-10-21,1980.0
brownde01w,Unknown,Unknown,Unknown,185.42000000000002,75.749864,,
browned01w,Texas,Unknown,G,175.26,73.935496,1978-07-01,1978.0
brownki01w,Georgia,Unknown,G,177.8,60.781328,1979-01-13,1979.0
brownla01w,Louisiana_Tech,Unknown,C,190.5,81.64656,1972-12-01,1972.0
brownle01w,Virginia,Unknown,F,182.88,75.296272,1977-06-03,1977.0
brownru01w,Furman,Unknown,F,187.96,79.3786,1972-05-05,1972.0
brucegr99w,Unknown,Unknown,Unknown,185.42000000000002,75.749864,,
brumfma01w,Rice,Unknown,G,172.72,60.327736,1978-06-06,1978.0
brungje01w,Penn_State,Unknown,F,185.42000000000002,74.84268,1982-04-16,1982.0
brunsre01w,Georgetown,Unknown,F,190.5,79.3786,1981-12-11,1981.0
bryanjo01w,Unknown,Unknown,Unknown,185.42000000000002,75.749864,,
bullevi01w,Maryland,Unknown,F,190.5,83.91452,1967-10-04,1967.0
burgean01w,Unknown,Unknown,G,170.18,63.956472,1969-04-10,1969.0
burgehe01w,Virginia,Unknown,C,195.58,88.45044,1971-11-11,1971.0
burgehe02w,Virginia,Unknown,F,195.58,81.64656,1971-11-11,1971.0
burgeli01w,Alabama,Unknown,F,185.42000000000002,78.471416,1969-07-27,1969.0
burraal01w,Louisiana_Tech,Unknown,C,190.5,98.883056,1975-06-23,1975.0
burseja01w,Tulane,Unknown,C,195.58,90.264808,1979-05-19,1979.0
buttsta01w,Tennessee,Unknown,G,180.34,72.57472,1982-03-10,1982.0
byearla01w,DePaul,NE_Oklahoma_A&M_(JC),G,180.34,93.439952,1973-08-12,1973.0
byrdla01w,Eastern_Michigan,Unknown,G,167.64000000000001,59.420552,1960-02-01,1960.0
cabezli01w,Central_Florida_CC,Unknown,F,190.5,80.739376,1973-10-25,1973.0
cainke01w,Tennessee,Unknown,C,198.12,99.79024,1989-05-16,1989.0
camba01w,none,Unknown,C,203.2,97.52228,1991-08-18,1991.0
campbed01w,Texas,Unknown,G,172.72,68.945984,1968-11-26,1968.0
campbmi01w,USC,Unknown,F,195.58,77.11064,1974-02-20,1974.0
cantydo01w,Alabama,Unknown,G,175.26,73.481904,1977-03-02,1977.0
careyja01w,Texas,Unknown,G,167.64000000000001,61.23492,1981-03-12,1981.0
carsoes01w,Rutgers,Unknown,G,182.88,74.84268,1986-07-28,1986.0
carteam01w,Louisiana_State,Unknown,F,187.96,83.91452,1982-06-21,1982.0
cartede01w,Georgia,Unknown,G,182.88,83.91452,1972-01-03,1972.0
cartesy01w,Texas_A&M,Unknown,G,167.64000000000001,66.77899103640536,1990-11-18,1990.0
cashsw01w,Connecticut,Unknown,F,185.42000000000002,73.481904,1979-09-22,1979.0
cassija01w,Maine,Unknown,C,190.5,84.821704,1978-09-12,1978.0
castriz01w,Unknown,Unknown,F,182.88,63.50288,1982-03-13,1982.0
catchta01w,Tennessee,Unknown,F,185.42000000000002,75.749864,1979-07-21,1979.0
caufila01w,Oklahoma,Unknown,G,175.26,72.121128,1980-05-25,1980.0
cebriel01w,none,Unknown,C,195.58,86.18248,1971-02-07,1971.0
chacoke01w,George_Mason,Unknown,G,175.26,68.492392,1974-12-21,1974.0
chambco01w,Georgia,Unknown,G,175.26,72.57472,1985-07-06,1985.0
chancva99w,Unknown,Unknown,Unknown,185.42000000000002,75.749864,,
chanequ01w,Louisiana_State,Unknown,G,180.34,72.57472,1986-04-14,1986.0
chapmji01w,Indiana,Unknown,C,190.5,93.439952,1979-11-04,1979.0
charlda01w,Tennessee,Unknown,F,190.5,63.956472,1968-11-22,1968.0
charlti01w,Connecticut,Unknown,C,193.04,89.811216,1988-12-05,1988.0
chaseso01w,Maryland,Unknown,G,175.26,68.0388,1976-03-09,1976.0
chatmda99w,Unknown,Unknown,Unknown,185.42000000000002,75.749864,,
cheekjo01w,Duke,Unknown,F,185.42000000000002,91.171992,1988-06-25,1988.0
cheruam01w,Indiana,Unknown,G,177.8,63.50288,1970-04-18,1970.0
chestfe01w,DePaul,Unknown,F,190.5,81.64656,1988-03-24,1988.0
choneka01w,North_Carolina_State,Unknown,C,190.5,81.64656,1981-01-11,1981.0
chriska01w,UC_Santa_Barbara,Unknown,F,187.96,77.564232,1980-11-16,1980.0
chriska02w,Duke,Unknown,F,182.88,81.64656,1989-09-11,1989.0
chrissh01w,Arkansas,Unknown,F,185.42000000000002,77.11064,1982-02-15,1982.0
cironkr01w,Illinois_State,Unknown,G,172.72,68.0388,1987-05-19,1987.0
clarkal01w,Middle_Tennessee_State,Unknown,F,177.8,75.749864,1987-07-07,1987.0
clarkma01w,Arizona,Unknown,F,190.5,80.96255005964697,1971-01-01,1971.0
cleamji01w,Unknown,Unknown,Unknown,185.42000000000002,75.749864,,
clearmi01w,Australian_Institute_of_Sport,Unknown,G,167.64000000000001,57.152592,1974-07-16,1974.0
clinest01w,UC_Santa_Barbara,Unknown,G,165.1,67.131616,1978-04-22,1978.0
coggicl01w,Kansas_State,Unknown,G,180.34,77.11064,1985-05-19,1985.0
cokermo01w,Old_Dominion,Unknown,F,185.42000000000002,81.64656,1982-11-28,1982.0
colemco01w,Ohio_State,Unknown,F,182.88,77.11064,1981-04-13,1981.0
colemma01w,Maryland,Unknown,G,185.42000000000002,72.57472,1987-01-04,1987.0
colleka01w,Maryland,Unknown,G,177.8,65.77083999999999,1971-03-17,1971.0
colsosy01w,Texas_A&M,Unknown,G,172.72,63.50288,1989-08-06,1989.0
compame01w,St._Joseph's,Unknown,G,175.26,64.863656,1975-09-18,1975.0
congran01w,Mercer,Unknown,F,187.96,83.007336,1970-06-03,1970.0
conklab01w,Tennessee,Unknown,F,190.5,79.3786,1975-02-10,1975.0
consuca01w,Iowa,Unknown,G,172.72,65.317248,1979-03-04,1979.0
coopeca01w,Purdue,Unknown,C,193.04,79.83219199999999,1979-02-05,1979.0
coopecy01w,USC,Unknown,G,177.8,68.0388,1963-04-14,1963.0
coopemi01w,Unknown,Unknown,Unknown,185.42000000000002,75.749864,,
cowenda01w,Unknown,Unknown,Unknown,185.42000000000002,75.749864,,
coylepa99w,Unknown,Unknown,Unknown,185.42000000000002,75.749864,,
crawlsy01w,North_Carolina,Unknown,F,195.58,84.821704,1972-09-27,1972.0
crockda01w,Baylor,Unknown,F,185.42000000000002,71.667536,1981-02-11,1981.0
crockwi01w,Connecticut,Unknown,F,187.96,97.52228,1984-07-05,1984.0
cronika01w,Colorado_State,Unknown,G,182.88,70.30676,1977-09-08,1977.0
crosssh01w,Tennessee,Unknown,G,177.8,70.30676,1983-09-07,1983.0
crumpca01w,Alabama,Unknown,G,177.8,71.667536,1962-10-29,1962.0
cummiki01w,Long_Beach_State,Unknown,F,190.5,85.275296,1963-08-29,1963.0
cunnibe01w,Notre_Dame,Unknown,G,182.88,73.935496,1975-06-05,1975.0
cunnida01w,Rutgers,Unknown,F,182.88,84.821704,1980-01-27,1980.0
cunnima01w,Vanderbilt,Unknown,F,193.04,82.53850106222939,1973-05-20,1973.0
currimo01w,Duke,Unknown,F,182.88,80.28578399999999,1983-02-25,1983.0
curryed01w,Oregon,Unknown,G,162.56,62.595696,1979-07-09,1979.0
dailesh99w,Unknown,Unknown,Unknown,185.42000000000002,75.749864,,
dalesst01w,Oklahoma,Unknown,G,182.88,70.30676,1979-09-05,1979.0
daleygr01w,Tulane,Unknown,G,167.64000000000001,66.678024,1978-06-26,1978.0
darlihe01w,Penn_State,Unknown,G,167.64000000000001,74.389088,1978-08-29,1978.0
darscna99w,Unknown,Unknown,Unknown,185.42000000000002,75.749864,,
davenje01w,Ohio_State,Unknown,C,195.58,97.52228,1985-06-24,1985.0
davisbr01w,Oregon,Unknown,G,182.88,78.017824,1983-01-01,1983.0
daviscl01w,Texas,Unknown,F,185.42000000000002,74.84268,1967-06-04,1967.0
davisde01w,Vanderbilt,Unknown,G,170.18,62.595696,1984-11-08,1984.0
davisla01w,Tennessee,Unknown,G,170.18,65.77083999999999,1974-10-08,1974.0
davista01w,Washington,Unknown,F,177.8,72.57472,1972-09-25,1972.0
davista02w,Florida_State,Unknown,G,180.34,74.65874604931737,1987-06-07,1987.0
dedenka01w,Washington,Unknown,F,193.04,77.11064,1969-09-23,1969.0
deforan01w,Nebraska,Unknown,G,177.8,72.57472,1976-04-14,1976.0
derevje01w,George_Mason,Unknown,G,177.8,63.50288,1982-03-29,1982.0
desouer01w,Unknown,Unknown,F,195.58,86.18248,1982-03-03,1982.0
dickeke01w,Texas_Tech,Unknown,F,180.34,74.84268,1978-04-20,1978.0
dillata01w,Texas,Unknown,G,175.26,69.853168,1981-05-06,1981.0
dixonin01w,California,Unknown,C,190.5,80.96255005964697,1972-09-16,1972.0
dixonta01w,Kansas,Unknown,G,175.26,67.131616,1975-12-14,1975.0
doagela01w,Nebraska,Unknown,G,167.64000000000001,62.142103999999996,1975-05-15,1975.0
domonna01w,Iowa,Unknown,G,177.8,59.874144,1975-09-28,1975.0
donapbe01w,Stanford,Unknown,F,187.96,88.45044,1980-08-27,1980.0
donovan99w,Unknown,Unknown,Unknown,185.42000000000002,75.749864,,
doronsh01w,Maryland,Unknown,G,175.26,65.77083999999999,1985-04-01,1985.0
dossaci01w,Unknown,Unknown,C,195.58,84.821704,1975-01-31,1975.0
douglka01w,Purdue,Unknown,G,182.88,75.749864,1979-05-07,1979.0
duffyme01w,Notre_Dame,Unknown,G,170.18,61.23492,1984-07-13,1984.0
dunlavi01w,Kentucky,Unknown,F,185.42000000000002,72.57472,1989-09-19,1989.0
dunnli99wc,Unknown,Unknown,Unknown,185.42000000000002,75.749864,,
dunntr01wc,Unknown,Unknown,Unknown,185.42000000000002,75.749864,,
dupreca01w,Temple,Unknown,F,187.96,73.481904,1984-08-16,1984.0
dydekka01w,Evangel,Unknown,F,200.66,86.18248,1970-03-21,1970.0
dydekma01w,Unknown,Unknown,C,139.7,101.151016,1974-04-28,1974.0
edwarmi01w,Rutgers,Unknown,G,175.26,68.0388,1966-03-06,1966.0
edwarsi01w,Iowa,Unknown,C,193.04,74.389088,1973-11-17,1973.0
edwarte01w,Georgia,Unknown,G,180.34,70.30676,1964-07-09,1964.0
edwarto01w,Tennessee,Unknown,G,177.8,72.57472,1968-03-13,1968.0
elysh01w,Tennessee,Unknown,F,187.96,82.553744,1983-08-09,1983.0
enissh01w,Alabama,Unknown,F,185.42000000000002,83.91452,1974-12-03,1974.0
erbsu01w,North_Carolina_State,Unknown,C,198.12,108.86207999999999,1977-07-25,1977.0
ervinla01w,Arkansas,Unknown,F,193.04,77.564232,1985-03-24,1985.0
estessh99w,Unknown,Unknown,Unknown,185.42000000000002,75.749864,,
evansda01w,James_Madison,Unknown,G,170.18,68.35494203898777,1989-06-30,1989.0
evansde01w,Virginia,Unknown,G,162.56,56.699,1970-10-11,1970.0
fallotr01w,Unknown,Unknown,G,190.5,74.84268,1972-07-23,1972.0
farriba01w,Tulane,Unknown,C,190.5,90.7184,1976-09-10,1976.0
feastal01w,Harvard,Unknown,F,180.34,76.203456,1976-02-11,1976.0
feifesu01w,Unknown,Unknown,G,185.42000000000002,73.481904,1979-01-29,1979.0
feldeja01w,Southern_Mississippi,Unknown,F,185.42000000000002,77.81064805448219,1969-10-16,1969.0
ferdima01w,Louisiana_State,Unknown,G,175.26,69.399576,1978-10-13,1978.0
fernama01w,Unknown,Unknown,G,180.34,62.595696,1981-12-21,1981.0
ferrama01w,Unknown,Unknown,F,190.5,86.18248,1972-02-11,1972.0
figgsuk01w,Purdue,Unknown,G,175.26,64.410064,1977-03-31,1977.0
fijalis01w,Colorado,Unknown,C,195.58,90.7184,1972-05-23,1972.0
firsool01w,Kansas_State,Unknown,C,198.12,97.52228,1976-04-23,1976.0
floremi01w,Stanford,Unknown,G,167.64000000000001,56.699,1977-10-19,1977.0
flukety01w,Tennessee,Unknown,C,195.58,94.80072799999999,1984-12-27,1984.0
folklkr01w,Stanford,Unknown,F,187.96,86.18248,1975-12-19,1975.0
fordch01w,Louisiana_Tech,Unknown,F,190.5,89.811216,1981-06-06,1981.0
fordki01w,Georgia_Tech,Unknown,G,177.8,69.399576,1975-04-04,1975.0
fordst01w,Georgia,Unknown,F,187.96,83.91452,1969-01-14,1969.0
fortnne99w,Unknown,Unknown,Unknown,185.42000000000002,75.749864,,
fostecl99w,Unknown,Unknown,Unknown,185.42000000000002,75.749864,,
fosteto01w,Iowa,Unknown,F,185.42000000000002,79.3786,1971-10-16,1971.0
fowlesy01w,Louisiana_State,Unknown,C,198.12,90.7184,1985-10-06,1985.0
francde01w,Iowa_State,Unknown,F,177.8,87.543256,1975-08-24,1975.0
frankaq01w,Texas_A&M,Unknown,G,162.56,69.853168,1985-09-29,1985.0
frankba01w,Wisconsin,Unknown,F,187.96,79.3786,,
frazeme01w,Liberty,Unknown,F,190.5,86.636072,1987-03-29,1987.0
freemla01w,Auburn,Unknown,F,185.42000000000002,79.3786,1971-03-17,1971.0
fresest01w,Iowa_State,Unknown,G,172.72,57.152592,1976-09-23,1976.0
frettla01w,Georgia,Unknown,F,190.5,77.11064,1975-06-12,1975.0
friertr01w,Louisiana_Tech,Unknown,F,187.96,84.368112,1979-08-23,1979.0
frohlli01w,Unknown,Unknown,F,190.5,83.91452,1979-06-23,1979.0
frostsh01w,Tennessee,Unknown,C,193.04,83.460928,1966-12-19,1966.0
futreca01w,Duquesne,Unknown,G,177.8,69.853168,1982-07-10,1982.0
gaineco01w,Unknown,Unknown,Unknown,185.42000000000002,75.749864,,
gaithka01w,Notre_Dame,Unknown,C,190.5,77.11064,1975-08-13,1975.0
gamblam01w,Arizona,Unknown,F,177.8,73.935496,1964-12-17,1964.0
ganttr01w,Lamar,Unknown,C,187.96,82.100152,1971-10-10,1971.0
garcibe01w,Unknown,Unknown,G,165.1,61.23492,1976-09-03,1976.0
gardike01w,Virginia_Tech,Unknown,F,185.42000000000002,76.203456,1984-05-19,1984.0
gardnan01w,Howard,Unknown,F,190.5,86.18248,1979-12-23,1979.0
garnean01w,Penn_State,Unknown,F,190.5,72.57472,1979-01-05,1979.0
gaydeco01w,Louisiana_State,Unknown,G,175.26,68.0388,1971-05-11,1971.0
gaypi01w,Louisiana_State,Unknown,G,180.34,83.007336,1974-08-21,1974.0
gearlka01w,Purdue,Unknown,G,185.42000000000002,83.460928,1984-10-26,1984.0
gessiki01w,USC,Unknown,F,190.5,79.3786,1970-12-29,1970.0
gibsoke01w,Maryland,Unknown,F,177.8,61.688512,1976-11-10,1976.0
gilbrbr01w,USC,Unknown,G,185.42000000000002,77.81064805448219,1990-08-16,1990.0
gilloje01w,Mississippi,Unknown,F,190.5,81.64656,1964-06-13,1964.0
gilmous01w,Rutgers,Unknown,G,180.34,71.667536,1978-08-24,1978.0
gisseka01w,Penn_State,North_Carolina_State,F,185.42000000000002,80.739376,1985-07-27,1985.0
givench01w,Middle_Tennessee_State,Unknown,G,177.8,73.08279504673497,1985-07-26,1985.0
godbyli01w,Auburn,Unknown,F,198.12,73.935496,1968-10-17,1968.0
gomisem01w,Unknown,Unknown,G,180.34,60.781328,1983-10-18,1983.0
goodemo01w,Stanford,Unknown,G,167.64000000000001,58.96696,1972-02-08,1972.0
goodeti01w,Iowa,Unknown,F,180.34,74.84268,1975-10-23,1975.0
goodlsa01w,Georgia_Tech,Unknown,C,195.58,108.408488,1990-08-09,1990.0
goodsad01w,Old_Dominion,Unknown,F,182.88,74.84268,1966-10-19,1966.0
gordobr01w,Tennessee,Unknown,F,182.88,72.121128,1967-04-27,1967.0
goringi01w,North_Carolina_State_(jr-sr),Arkansas-Fort_Smith_(fr-so),C,200.66,102.0582,1983-06-07,1983.0
gortmsh01w,South_Carolina,Unknown,G,177.8,71.667536,1979-12-07,1979.0
grafca99wc,Unknown,Unknown,Unknown,185.42000000000002,75.749864,,
grahama01w,Houston,Unknown,C,190.5,108.86207999999999,1970-12-18,1970.0
granter01w,Texas_Tech,Unknown,G,172.72,56.699,1984-06-13,1984.0
gravede01w,Howard,Unknown,C,195.58,96.161504,1975-09-16,1975.0
graylal01w,California,Unknown,G,172.72,79.83219199999999,1987-04-21,1987.0
grecomi01w,UCLA,Unknown,G,175.26,65.77083999999999,1980-03-24,1980.0
greenci01w,Texas_Tech,Unknown,C,195.58,83.007336,1983-04-04,1983.0
greenka01w,Connecticut,Unknown,G,177.8,77.11064,1987-07-13,1987.0
grginve01w,Unknown,Unknown,F,185.42000000000002,72.57472,1975-01-13,1975.0
griffke01w,Nebraska,Unknown,F,187.96,81.192968,1987-07-02,1987.0
griffyo01w,Florida_Atlantic,Unknown,C,190.5,85.275296,1970-03-01,1970.0
groomla01w,Georgia,Unknown,G,177.8,72.57472,1970-09-12,1970.0
grubigo01w,Unknown,Unknown,G,180.34,74.84268,1972-08-20,1972.0
grudasa01w,Unknown,Unknown,F,193.04,83.91452,1987-06-25,1987.0
guytowa01w,South_Florida,Unknown,F,185.42000000000002,80.739376,1965-10-14,1965.0
hagiwmi01w,Unknown,Unknown,G,180.34,73.028312,1970-04-27,1970.0
hairska01w,Temple,Unknown,F,182.88,68.0388,1985-08-18,1985.0
hallam01w,Washington,Unknown,F,190.5,81.64656,1977-12-29,1977.0
hallvi01w,Texas,Unknown,F,185.42000000000002,81.64656,1969-10-03,1969.0
hamblan01w,Iowa,Unknown,G,177.8,77.11064,1976-09-30,1976.0
hammobe01w,Colorado_State,Unknown,G,167.64000000000001,61.688512,1977-03-11,1977.0
hamptky01w,Arizona_State,Unknown,F,187.96,95.25431999999999,1962-11-03,1962.0
hamzoro01w,Unknown,Unknown,G,175.26,68.945984,1970-08-17,1970.0
hardili01w,Duke,Unknown,G,172.72,63.049288,1984-06-12,1984.0
hardish01w,Louisiana_Tech,Unknown,G,175.26,74.84268,1969-06-27,1969.0
hargrli99w,Unknown,Unknown,Unknown,185.42000000000002,75.749864,,
harpela01w,Maryland,Unknown,F,195.58,86.18248,1986-04-11,1986.0
harriam01w,Xavier,Unknown,F,195.58,91.625584,1988-01-16,1988.0
harrido01w,Old_Dominion,Unknown,F,190.5,86.18248,1966-09-29,1966.0
harrifr01w,Texas,Unknown,G,182.88,69.853168,1965-03-12,1965.0
harrili01w,Tennessee,Unknown,F,185.42000000000002,74.389088,1971-01-02,1971.0
harrokr01w,Unknown,Unknown,G,162.56,63.049288,1975-03-04,1975.0
harveca99w,Unknown,Unknown,Unknown,185.42000000000002,75.749864,,
haydeva01w,Florida,Unknown,C,193.04,108.86207999999999,1982-06-05,1982.0
hayesti01w,Connecticut,Unknown,G,177.8,73.08279504673497,1989-09-20,1989.0
haynikr01w,Michigan_State,Unknown,G,175.26,66.678024,1983-06-17,1983.0
headde01w,Tennessee,Unknown,G,177.8,72.57472,1970-08-16,1970.0
hedgpch01w,Stanford,Unknown,G,175.26,64.863656,1972-02-17,1972.0
hemmera01w,Stanford,Unknown,F,190.5,80.96255005964697,1973-04-02,1973.0
hendene01w,Texas,Unknown,G,172.72,65.317248,1973-02-28,1973.0
hendetr01w,Georgia,Unknown,C,190.5,90.7184,1974-12-31,1974.0
henniso01w,Stanford,Unknown,G,170.18,64.863656,1969-10-04,1969.0
henryan01w,Florida,Unknown,F,190.5,92.98636,1986-02-13,1986.0
herriam01w,Iowa,Unknown,C,193.04,85.728888,1977-06-06,1977.0
hibbeka01w,Louisiana_State,Unknown,G,177.8,63.50288,1977-09-29,1977.0
hicksje01w,Maryland,Unknown,F,193.04,85.275296,1971-12-02,1971.0
hightal01w,Louisiana_State,Unknown,G,177.8,63.049288,1988-04-06,1988.0
hillec01w,Northern_Illinois,Unknown,G,170.18,78.471416,1971-04-06,1971.0
hillmli99w,Unknown,Unknown,Unknown,185.42000000000002,75.749864,,
hillmna01w,Vanderbilt,Unknown,Unknown,185.42000000000002,75.749864,,
hledeko01w,Duquesne,Unknown,G,175.26,68.0388,1975-03-29,1975.0
hodgeda01w,St._Joseph's,Unknown,G,185.42000000000002,77.11064,1968-01-21,1968.0
hodgedo01w,Louisiana_State,Unknown,G,175.26,72.57472,1982-07-19,1982.0
hodgero01w,Florida_State,Unknown,G,180.34,74.84268,1982-07-19,1982.0
hodgesa01w,New_Orleans,Unknown,F,175.26,71.50684404415257,1962-07-31,1962.0
hoffmeb01w,USC,Unknown,F,187.96,97.52228,1982-08-27,1982.0
holdeta99w,Unknown,Unknown,Unknown,185.42000000000002,75.749864,,
holdsch01w,Tennessee,Unknown,F,187.96,78.017824,1977-08-09,1977.0
hollake01w,Georgia,Unknown,G,172.72,58.513368,1974-11-05,1974.0
holliqu01w,Virginia_Commonwealth,Unknown,C,195.58,91.171992,1988-11-15,1988.0
holmejo01w,Purdue,Unknown,F,177.8,68.0388,1969-03-31,1969.0
holmese01w,UNLV,Unknown,G,185.42000000000002,70.30676,1986-06-13,1986.0
holtam01w,Middle_Tennessee_State,Unknown,F,182.88,76.203456,1985-06-07,1985.0
hopeky01w,Miami_(FL),Unknown,C,187.96,74.84268,1977-11-23,1977.0
hopsosu01w,Mars_Hill,Unknown,F,187.96,79.3786,1974-06-21,1974.0
hornbal01w,Tennessee,Unknown,G,180.34,70.30676,1985-10-16,1985.0
houstch01w,Connecticut,Unknown,F,182.88,85.728888,1986-04-10,1986.0
houtsas01w,Georgia,Unknown,G,167.64000000000001,63.50288,1987-12-31,1987.0
howarje01w,North_Carolina_State,Unknown,G,167.64000000000001,58.96696,1975-01-21,1975.0
howarme01w,SW_Missouri_State,Unknown,G,175.26,65.77083999999999,1972-04-02,1972.0
hudsopa01w,Northwestern_State,Unknown,F,180.34,63.049288,1968-09-19,1968.0
hugheda99w,Unknown,Unknown,Unknown,185.42000000000002,75.749864,,
hullaja99w,Unknown,Unknown,Unknown,185.42000000000002,75.749864,,
humphta01w,Georgia,Unknown,C,190.5,86.18248,1985-12-29,1985.0
ibekwif01w,Arizona,Unknown,F,187.96,79.38659905706457,1989-10-05,1989.0
irvinsa01w,Texas_Christian,Unknown,F,190.5,83.91452,1982-02-23,1982.0
ivanyda01w,Florida_International,Unknown,G,177.8,61.23492,1976-03-18,1976.0
iveyni01w,Notre_Dame,Unknown,G,170.18,67.585208,1977-09-24,1977.0
jacksan01w,Texas,Unknown,C,193.04,92.98636,1976-03-30,1976.0
jacksde01w,Alabama-Birmingham,Unknown,F,187.96,70.30676,1979-12-15,1979.0
jacksgw01w,Tennessee,Unknown,F,190.5,82.553744,1980-10-23,1980.0
jacksla01w,Unknown,Unknown,F,195.58,84.821704,1981-05-11,1981.0
jacksta01w,Florida,Unknown,F,190.5,81.192968,1962-12-03,1962.0
jacksta02w,Louisiana_Tech,Unknown,G,167.64000000000001,53.523856,1978-04-22,1978.0
jacksti01w,Iowa,Unknown,F,180.34,67.131616,1972-04-21,1972.0
jacksti02w,Texas,Unknown,F,190.5,83.91452,1985-04-26,1985.0
jacobam01w,Boston_College,Unknown,G,172.72,68.945984,1982-06-29,1982.0
jacobje01w,Purdue,Unknown,G,172.72,58.96696,1973-02-20,1973.0
jamesta01w,Miami_(FL),Unknown,F,175.26,71.667536,1984-06-13,1984.0
januabr01w,Arizona_State,Unknown,G,172.72,65.317248,1987-01-11,1987.0
jekaban01w,Unknown,Unknown,G,175.26,81.64656,1983-08-12,1983.0
jenkica99w,Unknown,Unknown,Unknown,185.42000000000002,75.749864,,
joensca01w,George_Washington,Unknown,G,180.34,74.84268,1981-02-12,1981.0
johnsad01w,Ohio_State,Unknown,G,177.8,69.853168,1974-02-05,1974.0
johnsch01w,Wisconsin-Green_Bay,Unknown,C,190.5,83.91452,1981-03-19,1981.0
johnsda01w,Tennessee,Unknown,C,187.96,89.357624,1973-02-19,1973.0
johnsgl01w,Tennessee,Unknown,F,190.5,77.11064,1990-07-27,1990.0
johnsja01w,Kansas,Unknown,F,182.88,91.171992,1979-03-16,1979.0
johnsla01w,Memphis,Unknown,F,185.42000000000002,68.0388,1975-08-17,1975.0
johnsle01w,Western_Kentucky,Unknown,F,187.96,99.79024,1975-01-12,1975.0
johnsni01w,Alabama,Unknown,G,175.26,66.224432,1973-02-07,1973.0
johnspo01w,Michigan,Unknown,C,190.5,74.84268,1975-11-06,1975.0
johnssh01w,South_Carolina,Unknown,G,170.18,68.945984,1974-08-18,1974.0
johnssh02w,Miami,Unknown,G,180.34,74.65874604931737,1990-12-08,1990.0
johnste01w,Louisiana_State,Unknown,G,160.02,59.874144,1982-09-06,1982.0
johnsti01w,Tennessee,Unknown,C,193.04,108.86207999999999,1975-12-27,1975.0
johnsvi01w,Louisiana_Tech,Unknown,G,175.26,68.0388,1972-04-15,1972.0
jollyke01w,Tennessee,Unknown,G,175.26,67.131616,1977-05-03,1977.0
jonesas01w,Connecticut,Unknown,F,187.96,88.904032,1980-08-01,1980.0
jonesch01w,Houston,Unknown,G,175.26,68.0388,1982-03-25,1982.0
jonesja01w,UNC_Charlotte,Unknown,G,175.26,71.667536,1978-09-13,1978.0
joneskc01w,Unknown,Unknown,Unknown,185.42000000000002,75.749864,,
jonesla01w,Ohio_State,Unknown,G,185.42000000000002,81.64656,1977-07-24,1977.0
jonesma01w,North_Carolina,Unknown,G,177.8,68.0388,1975-10-12,1975.0
jonesme01w,Florida,Unknown,G,175.26,66.678024,1973-07-21,1973.0
jordapa01w,UNLV,Unknown,C,190.5,92.98636,1968-04-27,1968.0
joyneja01w,UCLA,Unknown,F,177.8,69.853168,1962-03-03,1962.0
kaplaan01w,Stanford,Unknown,C,195.58,81.64656,1973-04-22,1973.0
kausaan01w,Emporia_State,Unknown,F,182.88,70.30676,1970-11-30,1970.0
kellycr01w,Western_Kentucky,Unknown,F,187.96,86.18248,1986-09-15,1986.0
kenlaje99w,Unknown,Unknown,Unknown,185.42000000000002,75.749864,,
keyst99wc,Unknown,Unknown,Unknown,185.42000000000002,75.749864,,
kingbsu01w,Stanford,Unknown,G,170.18,61.23492,1981-07-27,1981.0
kingija01w,Unknown,Unknown,G,172.72,68.0388,1976-01-20,1976.0
kizerly01w,Maryland,Unknown,F,193.04,97.52228,1990-04-04,1990.0
klimezu01w,Vanderbilt,Unknown,F,187.96,82.100152,1979-01-21,1979.0
kloppga99wc,Unknown,Unknown,Unknown,185.42000000000002,75.749864,,
kobryew01w,Unknown,Unknown,F,190.5,95.25431999999999,1982-05-07,1982.0
koehnla01w,Kansas_State,Unknown,G,172.72,65.77083999999999,1982-05-13,1982.0
korstil01w,Unknown,Unknown,G,177.8,72.57472,1980-05-30,1980.0
kossgr01w,Montana,Unknown,F,185.42000000000002,65.77083999999999,1974-06-12,1974.0
kostaan01w,Unknown,Unknown,G,170.18,62.142103999999996,1978-03-26,1978.0
kostita01w,Oregon_State,Unknown,F,185.42000000000002,73.935496,1972-11-10,1972.0
kraayca01w,Oregon,Unknown,F,193.04,81.64656,1981-09-30,1981.0
kubikni01w,Nebraska,Unknown,G,175.26,65.77083999999999,1978-03-01,1978.0
kukloan01w,Unknown,Unknown,G,182.88,68.0388,1971-07-16,1971.0
laceyal01w,Iowa_State,Unknown,G,182.88,72.121128,1987-12-26,1987.0
laceytr99w,Unknown,Unknown,Unknown,185.42000000000002,75.749864,,
lacyje01w,Pepperdine,Unknown,F,190.5,79.3786,1983-03-21,1983.0
lacyna01w,UTEP_(sr),Texas_Christian_(fr-jr),G,177.8,74.84268,1985-07-08,1985.0
lacyve01w,Louisiana_Tech,Unknown,C,193.04,106.140528,1967-02-09,1967.0
laimbbi01w,Unknown,Unknown,Unknown,185.42000000000002,75.749864,,
lambesh01w,Baylor,Grayson_County_(JC),G,170.18,56.699,1980-07-21,1980.0
lambmo01w,USC,Unknown,C,195.58,93.439952,1964-10-11,1964.0
langeme01w,UNLV,Unknown,F,198.12,92.98636,1969-04-28,1969.0
langhcr01w,Maryland,Unknown,F,187.96,83.460928,1986-10-27,1986.0
langja01w,Colorado,Unknown,F,182.88,83.91452,1972-06-23,1972.0
larakr01w,Unknown,Unknown,G,172.72,58.96696,1969-09-30,1969.0
larkier01w,North_Carolina,Unknown,F,185.42000000000002,95.25431999999999,1986-04-02,1986.0
lassiam01w,Missouri,Unknown,F,185.42000000000002,72.57472,1979-06-09,1979.0
lattaiv01w,North_Carolina,Unknown,G,167.64000000000001,64.863656,1984-09-24,1984.0
lavenja01w,Ohio_State,Unknown,C,193.04,83.91452,1988-11-12,1988.0
lawsoed01w,Unknown,Unknown,G,167.64000000000001,58.96696,1979-05-14,1979.0
lawsoka01w,Tennessee,Unknown,G,175.26,74.84268,1981-02-14,1981.0
laydefr99w,Unknown,Unknown,Unknown,185.42000000000002,75.749864,,
lazicka01w,Unknown,Unknown,F,177.8,66.678024,1980-05-25,1980.0
lehnish01w,Kansas_State,Unknown,G,175.26,66.678024,1986-10-27,1986.0
lennobe01w,Louisiana_Tech,Unknown,G,172.72,64.863656,1976-12-04,1976.0
leslili01w,USC,Unknown,C,195.58,77.11064,1972-07-07,1972.0
leuchye01w,West_Virginia,Unknown,C,195.58,88.45044,1983-04-30,1983.0
levanni01w,Xavier,Unknown,G,172.72,73.935496,1979-05-17,1979.0
levesni01w,Wake_Forest,Unknown,G,160.02,52.16308,1972-04-11,1972.0
lewisji99w,Unknown,Unknown,Unknown,185.42000000000002,75.749864,,
lewista01w,Louisiana_Tech,Unknown,F,187.96,96.161504,1979-07-10,1979.0
lewisty01w,North_Carolina_State,Unknown,G,177.8,68.945984,1979-05-08,1979.0
liebena01w,Old_Dominion,Unknown,G,177.8,68.0388,1958-07-01,1958.0
lilleta01w,Oregon,Unknown,G,167.64000000000001,58.96696,1988-02-29,1988.0
listr01w,Providence,Unknown,G,177.8,73.08279504673497,,
littlca01w,North_Carolina,Unknown,F,187.96,81.64656,1985-01-18,1985.0
lloydan01w,Texas,Unknown,F,187.96,79.3786,1965-02-09,1965.0
lobore01w,Connecticut,Unknown,F,193.04,86.18248,1973-10-06,1973.0
lovelst01w,Purdue,Unknown,F,193.04,77.11064,1974-12-05,1974.0
lowreja99w,Unknown,Unknown,Unknown,185.42000000000002,75.749864,,
luckepa01w,Houston,Unknown,F,185.42000000000002,74.84268,1975-05-14,1975.0
luzhe01w,Unknown,Unknown,G,172.72,65.317248,1972-11-23,1972.0
lyttlsa01w,Houston,Unknown,F,193.04,79.3786,1983-09-20,1983.0
mabikmw01w,Unknown,Unknown,G,180.34,74.84268,1976-07-27,1976.0
macchla01w,Unknown,Unknown,F,185.42000000000002,76.657048,1979-05-24,1979.0
machacl01w,Old_Dominion,Unknown,C,195.58,81.64656,1976-10-04,1976.0
maherto99w,Unknown,Unknown,Unknown,185.42000000000002,75.749864,,
mahonme01w,Kansas_State,Unknown,F,182.88,72.57472,1983-02-13,1983.0
mahonsh01w,Western_Kentucky,Unknown,F,193.04,80.739376,1977-07-03,1977.0
mahorri01w,Unknown,Unknown,Unknown,185.42000000000002,75.749864,,
maigaha01w,Old_Dominion,Unknown,G,185.42000000000002,72.57472,1978-04-25,1978.0
malcona01w,Providence,Unknown,F,185.42000000000002,77.11064,1975-11-27,1975.0
malloam01w,St._Joseph's,Unknown,G,162.56,67.131616,1970-04-21,1970.0
malloso01w,Georgia_Tech,Unknown,C,195.58,95.25431999999999,1981-09-02,1981.0
maltsev01w,Unknown,Unknown,G,180.34,74.84268,1978-12-20,1978.0
mannish01w,North_Carolina_State,Unknown,F,190.5,84.368112,1969-03-20,1969.0
mannkr01w,UC_Santa_Barbara,Unknown,F,185.42000000000002,83.91452,1983-08-10,1983.0
mapprh01w,North_Carolina_State,Unknown,C,187.96,86.18248,1969-10-13,1969.0
marcimi01w,Tennessee,Unknown,G,177.8,69.853168,1973-10-29,1973.0
margiga01w,Drexel,Unknown,F,185.42000000000002,74.389088,1987-02-12,1987.0
martima01w,UCLA,Unknown,F,193.04,78.017824,1978-04-17,1978.0
martinu01w,Unknown,Unknown,G,175.26,75.749864,1984-02-29,1984.0
mascira01w,Unknown,Unknown,F,182.88,76.657048,1980-09-30,1980.0
maslemi01w,Penn_State,Unknown,F,187.96,77.11064,1974-10-10,1974.0
matteca01w,Ohio_State,Unknown,G,175.26,75.749864,1982-08-22,1982.0
matteka01w,Liberty,Unknown,C,203.2,108.86207999999999,1982-11-17,1982.0
maxwean01w,New_Mexico_State,Unknown,F,180.34,84.368112,1974-04-07,1974.0
maxwemo01w,Louisiana_Tech,Unknown,F,175.26,73.481904,1976-12-21,1976.0
maytuet01w,Oklahoma,Unknown,F,182.88,76.23469705189977,1973-04-28,1973.0
mazzake01w,Penn_State,Unknown,G,182.88,70.30676,1982-02-02,1982.0
mccaibr01w,Florida,Unknown,G,160.02,61.23492,1979-09-21,1979.0
mccaiti01w,Kentucky,Unknown,G,177.8,75.749864,1976-10-06,1976.0
mccanra01w,North_Carolina,Unknown,F,185.42000000000002,73.028312,1986-11-17,1986.0
mccarja01w,Minnesota,Unknown,C,187.96,92.98636,1982-11-03,1982.0
mccarjo01w,Illinois-Chicago,Unknown,G,170.18,58.96696,1974-10-26,1974.0
mccarst01w,Purdue,Unknown,G,175.26,70.30676,1977-06-20,1977.0
mcclaka01w,Georgia,Unknown,F,187.96,81.64656,1965-09-19,1965.0
mcconsu01w,Penn_State,Unknown,G,165.1,56.699,1966-07-29,1966.0
mccouan01w,Louisville,Unknown,F,185.42000000000002,72.57472,1986-09-10,1986.0
mccrada01w,Kansas,Unknown,G,180.34,77.11064,1987-10-08,1987.0
mccrani01w,Tennessee,Unknown,G,180.34,71.667536,1971-12-11,1971.0
mccrini01w,USC,Unknown,G,172.72,56.699,1972-03-22,1972.0
mcculda01w,Western_Kentucky,Unknown,F,190.5,81.64656,1975-01-18,1975.0
mcgeepa01w,USC,Unknown,C,190.5,90.7184,1962-12-01,1962.0
mcgheca01w,Tennessee,Unknown,F,185.42000000000002,81.192968,1968-03-06,1968.0
mchugma99w,Unknown,Unknown,Unknown,185.42000000000002,75.749864,,
mckivte01w,Tulane,Unknown,C,190.5,99.79024,1980-10-05,1980.0
mcwilta01w,St._Edwards,Unknown,F,187.96,85.275296,1970-10-20,1970.0
meadoma99w,Unknown,Unknown,Unknown,185.42000000000002,75.749864,,
melvich01w,North_Carolina_State,Unknown,C,190.5,83.91452,1976-05-03,1976.0
mendigi01w,Washington,Unknown,G,180.34,78.925008,1982-01-09,1982.0
miaomi01w,Unknown,Unknown,G,180.34,69.399576,1981-06-03,1981.0
millebr01w,Florida_State,Unknown,C,193.04,82.53850106222939,1987-08-10,1987.0
millech99w,Unknown,Unknown,Unknown,185.42000000000002,75.749864,,
milleco01w,Georgia,Unknown,G,175.26,63.50288,1978-09-06,1978.0
milleke01w,Georgia,Unknown,G,177.8,63.50288,1978-09-06,1978.0
millsta01w,Alabama,Unknown,C,190.5,105.233344,1976-02-29,1976.0
miltode01w,Florida,Unknown,F,185.42000000000002,83.91452,1974-09-11,1974.0
mitchle01w,Utah,Unknown,G,165.1,58.96696,1985-06-15,1985.0
mizrali01w,Maryland,Unknown,G,170.18,58.96696,1970-06-24,1970.0
moeggli01w,Michigan_State,Unknown,F,185.42000000000002,88.45044,1984-05-25,1984.0
moisead01w,Unknown,Unknown,G,167.64000000000001,63.50288,1978-12-06,1978.0
mokanch01w,Mississippi_State_(jr-sr),Southeastern_Illinois_(fr-so),F,195.58,84.11445206481179,1988-10-13,1988.0
monroja01w,Florida_State,Unknown,C,195.58,73.481904,1988-09-04,1988.0
montaan01w,George_Washington,Unknown,F,185.42000000000002,86.18248,1980-10-24,1980.0
montgal01w,Georgia_Tech,Unknown,G,185.42000000000002,83.91452,1988-11-12,1988.0
montgre01w,Connecticut,Unknown,G,170.18,63.049288,1986-12-02,1986.0
mooreja01w,Long_Beach_State,Unknown,C,185.42000000000002,93.893544,1979-11-06,1979.0
mooreje01w,Connecticut,Unknown,F,190.5,79.3786,1982-07-09,1982.0
moorelo01w,Tennessee,Unknown,G,175.26,74.84268,1983-03-21,1983.0
moorema01w,Connecticut,Unknown,F,182.88,79.3786,1989-06-11,1989.0
moorena01w,Alabama,Unknown,G,177.8,65.77083999999999,1984-11-04,1984.0
moorepe01w,Long_Beach_State,Unknown,F,182.88,61.23492,1969-01-25,1969.0
mooreta01w,Wisconsin,Unknown,G,180.34,75.749864,1980-04-11,1980.0
mooreyo01w,Mississippi,Unknown,F,182.88,78.925008,1974-07-01,1974.0
moosca01w,Stanford,Unknown,F,198.12,82.553744,1978-05-23,1978.0
morehmo01w,Auburn,Unknown,F,190.5,79.3786,1974-01-18,1974.0
morgale01w,Francis_Marion,Unknown,F,185.42000000000002,77.81064805448219,1969-11-01,1969.0
morrich01w,Southern_Nazarene,Unknown,F,187.96,79.3786,,
morrije01w,San_Diego_State,Unknown,G,175.26,66.224432,1987-07-21,1987.0
morrila01w,Auburn,Unknown,F,185.42000000000002,72.57472,1974-05-26,1974.0
morrizi01w,none,Unknown,C,193.04,82.53850106222939,1989-02-15,1989.0
mosbybe01w,Baylor,Florida,F,185.42000000000002,78.017824,1984-02-14,1984.0
mosleju01w,Hawai'i,Unknown,F,185.42000000000002,77.11064,1968-03-17,1968.0
moweje01w,Oregon,Unknown,C,195.58,107.047712,1978-02-25,1978.0
mulitna01w,Stanford,Unknown,C,190.5,93.893544,1976-03-06,1976.0
murphma99w,Unknown,Unknown,Unknown,185.42000000000002,75.749864,,
murphsh01w,USC,Unknown,G,180.34,74.389088,1985-04-15,1985.0
nagyan01w,Florida_International,Unknown,G,170.18,66.678024,1971-11-16,1971.0
nanch01w,Unknown,Unknown,C,198.12,92.532768,1983-01-06,1983.0
ndiayas01w,Southern_Nazarene,Unknown,F,190.5,82.553744,1973-11-05,1973.0
ndongem01w,Unknown,Unknown,C,187.96,77.11064,1983-04-25,1983.0
nemcoev01w,Unknown,Unknown,F,187.96,80.739376,1972-12-03,1972.0
neroja01w,Alabama-Birmingham,Unknown,F,180.34,81.64656,1968-11-08,1968.0
nevescl01w,Unknown,Unknown,G,172.72,61.688512,1975-02-17,1975.0
newtoch01w,Rutgers,Unknown,G,180.34,69.853168,1983-02-17,1983.0
ngarsch01w,Missouri,Unknown,C,190.5,76.203456,1983-06-23,1983.0
ngoyibe01w,Unknown,Unknown,C,193.04,88.45044,1982-08-26,1982.0
nichoti01w,Penn_State,Unknown,G,160.02,66.224432,1973-09-27,1973.0
nieuwma01w,Valparaiso,Unknown,C,195.58,81.64656,1980-04-12,1980.0
nikolmi01w,Unknown,Unknown,F,190.5,83.91452,1971-07-04,1971.0
nnamach01w,Georgia_Tech,Unknown,G,182.88,70.760352,1985-06-15,1985.0
nolande01w,Georgia,Unknown,G,175.26,66.678024,1979-08-25,1979.0
novosna01w,Notre_Dame,Unknown,G,180.34,74.84268,,
nygaava01w,Stanford,Unknown,F,185.42000000000002,75.296272,1975-03-13,1975.0
ogayu01w,Unknown,Unknown,G,167.64000000000001,63.50288,1982-10-17,1982.0
ogwumnn01w,Stanford,Unknown,F,187.96,79.38659905706457,1990-07-02,1990.0
oheaje01w,Australian_Institute_of_Sport,Unknown,G,185.42000000000002,78.925008,1987-06-06,1987.0
ohldeni01w,Kansas_State,Unknown,F,195.58,86.18248,1982-03-13,1982.0
olajuab01w,Oklahoma,Unknown,C,193.04,107.047712,1988-07-06,1988.0
oneilkr01w,Washington,Unknown,G,185.42000000000002,71.667536,1983-04-12,1983.0
orrki01w,Duke,Unknown,G,167.64000000000001,63.956472,1975-09-16,1975.0
osburde01w,Oregon,Unknown,C,193.04,82.53850106222939,1972-02-11,1972.0
osipoir01w,Unknown,Unknown,C,195.58,86.18248,1981-06-25,1981.0
overtbo99w,Unknown,Unknown,Unknown,185.42000000000002,75.749864,,
owenhe01w,Stanford,Unknown,F,195.58,96.161504,1976-05-06,1976.0
owenssh01w,Kentucky,Unknown,C,187.96,79.3786,1978-05-16,1978.0
pageda01w,Nebraska,Unknown,F,187.96,81.192968,1986-11-14,1986.0
pagemu01w,Florida,Unknown,F,187.96,72.57472,1975-09-18,1975.0
paigeyo01w,West_Virginia,Unknown,G,167.64000000000001,66.678024,1983-09-18,1983.0
paliesa01w,Unknown,Unknown,G,170.18,72.121128,1981-07-23,1981.0
palmewe01w,Virginia,Unknown,F,187.96,74.84268,1974-08-12,1974.0
parisco01w,Oklahoma,Unknown,C,193.04,113.398,1987-09-21,1987.0
parkeca01w,Tennessee,Unknown,F,193.04,79.3786,1986-04-19,1986.0
parsoca99w,Unknown,Unknown,Unknown,185.42000000000002,75.749864,,
pascafl01w,Unknown,Unknown,C,193.04,84.821704,1982-01-19,1982.0
paschti01w,Florida_State,Unknown,F,185.42000000000002,74.84268,1969-03-22,1969.0
pavlimi01w,Denver,Unknown,F,190.5,79.3786,1977-11-27,1977.0
payeka01w,Stanford,Unknown,G,172.72,68.0388,1974-03-06,1974.0
peckca99wc,Unknown,Unknown,Unknown,185.42000000000002,75.749864,,
pederka01w,Stanford,Unknown,F,193.04,86.18248,1989-04-04,1989.0
penicti01w,Old_Dominion,Unknown,G,180.34,65.77083999999999,1974-09-18,1974.0
pennjo01w,South_Carolina,Unknown,F,182.88,72.57472,1979-09-10,1979.0
perazja01w,Maryland,Unknown,G,182.88,77.11064,1960-12-06,1960.0
perkiji01w,Texas_Tech,Unknown,G,172.72,70.30676,1982-02-23,1982.0
perpeer01w,The_Master's_College,Unknown,F,190.5,82.100152,1979-06-05,1979.0
perroki01w,SW_Louisiana,Unknown,G,165.1,58.96696,1967-01-18,1967.0
peterde01w,Notre_Dame,Unknown,F,187.96,77.11064,1989-10-08,1989.0
petroso01w,none,Unknown,F,185.42000000000002,77.81064805448219,1989-02-18,1989.0
pettibr01w,Florida,Unknown,G,175.26,68.0388,1971-01-01,1971.0
philler01w,Unknown,Unknown,G,170.18,73.481904,1985-05-19,1985.0
phillpo01w,Georgia,Unknown,F,187.96,78.471416,1988-01-13,1988.0
phillta01w,Central_Florida,Unknown,F,187.96,90.7184,1969-03-06,1969.0
phillta02w,Xavier,Unknown,C,198.12,89.811216,1989-01-24,1989.0
pierspl01w,Texas_Tech,Unknown,F,187.96,82.100152,1981-08-30,1981.0
plankju99w,Unknown,Unknown,Unknown,185.42000000000002,75.749864,,
plowdvi01w,Miami_(FL),Unknown,F,182.88,76.23469705189977,1971-07-22,1971.0
pohleje01w,Stanford,Unknown,G,182.88,81.192968,1989-05-02,1989.0
pollica01w,Texas,Unknown,F,195.58,74.84268,1966-03-16,1966.0
pondeca01w,Rutgers,Unknown,G,175.26,72.57472,1983-01-07,1983.0
potthan01w,Penn_State,Unknown,F,185.42000000000002,86.636072,1974-06-12,1974.0
powelel01w,Louisiana_State,Unknown,G,172.72,68.0388,1975-08-09,1975.0
powelni01w,Stanford,Unknown,F,187.96,79.3786,1982-06-22,1982.0
prahasa01w,Ohio_State,Unknown,G,170.18,58.513368,1990-01-23,1990.0
pricear01w,Mississippi,Unknown,G,175.26,60.327736,1985-04-03,1985.0
pricefr01w,Iowa,Unknown,G,175.26,80.739376,1968-04-28,1968.0
priceka01w,Stephen_F._Austin,Unknown,G,177.8,67.131616,1975-12-03,1975.0
pridely01w,Kansas,Unknown,F,187.96,81.64656,1978-10-16,1978.0
princep01w,Rutgers,Unknown,G,175.26,75.749864,1988-01-11,1988.0
pringla01w,North_Carolina,Unknown,F,190.5,73.481904,1986-09-11,1986.0
queenbr01w,Boston_College,Unknown,F,187.96,83.91452,1984-04-10,1984.0
quiglal01w,DePaul,Unknown,G,177.8,63.50288,1986-06-20,1986.0
quinnno01w,UCLA,Unknown,G,182.88,79.3786,1985-01-03,1985.0
quinnte01w,Seton_Hall,Unknown,F,193.04,74.84268,1974-09-07,1974.0
radunha01w,Unknown,Unknown,C,190.5,84.821704,1978-01-10,1978.0
raglafe01w,Oregon_State,Unknown,G,170.18,60.327736,1980-02-03,1980.0
randase01w,Tennessee,Unknown,G,175.26,74.389088,1979-02-07,1979.0
rasmukr01w,Michigan_State,Unknown,F,193.04,78.925008,1978-11-01,1978.0
ravenbr01w,Texas,Unknown,G,182.88,73.481904,1988-08-01,1988.0
raymost01w,Northern_Illinois,Unknown,G,165.1,63.049288,1985-01-15,1985.0
raymota01w,Connecticut,Unknown,F,187.96,88.45044,1980-04-12,1980.0
reddja01w,Washington,Unknown,F,185.42000000000002,74.389088,1977-11-05,1977.0
redmoka01w,Gonzaga,Washington,G,185.42000000000002,77.81064805448219,1988-10-11,1988.0
reedbr01w,Southern_Mississippi,Unknown,F,185.42000000000002,76.203456,1977-02-17,1977.0
reedch01w,Arkansas-Little_Rock,Unknown,F,185.42000000000002,74.84268,1989-03-28,1989.0
reedmi01w,Western_Kentucky,Unknown,G,180.34,74.84268,1973-05-24,1973.0
reevech99wc,Unknown,Unknown,Unknown,185.42000000000002,75.749864,,
reidtr01w,North_Carolina,Unknown,F,180.34,68.0388,1976-11-01,1976.0
reissta01w,Virginia,Unknown,G,167.64000000000001,58.513368,1970-04-02,1970.0
resska01w,Boston_College,Unknown,F,193.04,87.996848,1985-06-26,1985.0
reynoch01w,Houston,Unknown,F,187.96,81.64656,1972-02-08,1972.0
richano99wc,Unknown,Unknown,Unknown,185.42000000000002,75.749864,,
rileyan01w,Oklahoma_State,Unknown,G,165.1,61.688512,1988-07-22,1988.0
rileyru01w,Notre_Dame,Unknown,C,195.58,89.811216,1979-08-28,1979.0
rizzoje01w,Connecticut,Unknown,G,167.64000000000001,66.224432,1974-05-15,1974.0
roberav01w,Ohio_State,Unknown,G,175.26,65.77083999999999,1970-01-29,1970.0
roberny01w,Old_Dominion,Unknown,C,190.5,94.80072799999999,1976-03-10,1976.0
robertr99w,Unknown,Unknown,Unknown,185.42000000000002,75.749864,,
robinas01w,Tennessee,Unknown,C,193.04,81.64656,1982-08-12,1982.0
robincr01w,SE_Oklahoma_State,Unknown,F,180.34,70.30676,1974-01-22,1974.0
robinda01w,Oklahoma,Unknown,G,175.26,56.699,1989-05-10,1989.0
robinre01w,Virginia,Unknown,G,180.34,75.296272,1978-06-15,1978.0
robinsc01w,Louisiana_State,Unknown,G,180.34,70.30676,1983-01-09,1983.0
rolanja01w,Purdue,Unknown,G,185.42000000000002,75.749864,1975-02-03,1975.0
rollitr01w,Unknown,Unknown,Unknown,185.42000000000002,75.749864,,
rossad01w,Texas_Christian,Unknown,G,172.72,64.410064,1984-11-23,1984.0
rossca99wc,Unknown,Unknown,Unknown,185.42000000000002,75.749864,,
rothsro99w,Unknown,Unknown,Unknown,185.42000000000002,75.749864,,
rouilni01w,Loyola_Marymount,Unknown,G,170.18,58.96696,1970-01-23,1970.0
roundsa01w,Georgia,Unknown,G,170.18,65.77083999999999,1976-10-04,1976.0
roussju99w,Unknown,Unknown,Unknown,185.42000000000002,75.749864,,
ruffje01w,Washington_State,Unknown,G,180.34,63.50288,1974-09-12,1974.0
rushle01w,Oklahoma,Unknown,F,185.42000000000002,79.3786,1984-10-25,1984.0
ryankr01w,Sacramento_State,Unknown,F,180.34,68.0388,1972-11-19,1972.0
rycraeu01w,Cal_State_Fullerton,Unknown,C,190.5,79.3786,1968-12-06,1968.0
salesny01w,Connecticut,Unknown,G,182.88,83.460928,1976-05-10,1976.0
sampsch01w,Kansas,Unknown,G,180.34,79.3786,1974-09-01,1974.0
sampsto01w,North_Carolina,Unknown,G,177.8,73.08279504673497,1972-03-02,1972.0
samsh01w,Vanderbilt,Unknown,F,182.88,72.57472,1974-05-05,1974.0
sanchis01w,Unknown,Unknown,G,177.8,68.945984,1976-11-28,1976.0
sandeam01w,Hawai'i,Unknown,G,180.34,70.760352,1983-06-05,1983.0
sandish01w,Unknown,Unknown,G,182.88,65.77083999999999,1969-01-22,1969.0
sanfona01w,Kansas,Unknown,F,193.04,90.7184,1976-05-10,1976.0
sanniol01w,West_Virginia,Unknown,C,187.96,79.38659905706457,1986-08-21,1986.0
santoal01w,Unknown,Unknown,C,195.58,82.100152,1973-12-02,1973.0
santoke01w,Unknown,Unknown,F,190.5,85.275296,1979-11-10,1979.0
sarenra01w,Unknown,Unknown,C,198.12,100.697424,1974-06-27,1974.0
sauerpa01w,Connecticut,Unknown,C,193.04,92.079176,1977-12-08,1977.0
saundja01w,Texas_A&M,Unknown,F,180.34,65.77083999999999,1979-08-21,1979.0
saureau01w,Unknown,Unknown,G,177.8,73.935496,1976-10-31,1976.0
savasla01w,Washington,Unknown,G,172.72,60.781328,1974-03-18,1974.0
schumke01w,Connecticut,Unknown,C,195.58,83.007336,1977-10-14,1977.0
schwege01w,Duke,Unknown,G,182.88,72.57472,1979-01-31,1979.0
scottol01w,Stanford,Unknown,C,187.96,79.3786,1976-08-05,1976.0
scottra01w,Colorado,Unknown,F,190.5,76.657048,1975-08-12,1975.0
shakiel01w,Unknown,Unknown,F,190.5,86.18248,1970-06-02,1970.0
sharpkb01w,Cincinnati,Unknown,G,175.26,65.77083999999999,1981-04-18,1981.0
sharpli99w,Unknown,Unknown,Unknown,185.42000000000002,75.749864,,
sheetsh01w,Colorado,Unknown,G,167.64000000000001,58.96696,1975-08-15,1975.0
shegoch01w,North_Carolina,Unknown,C,195.58,84.11445206481179,1990-02-22,1990.0
shielas01w,SW_Tennessee_CC,Unknown,G,177.8,70.30676,1985-07-15,1985.0
shudlca01w,Minnesota,Unknown,C,182.88,76.23469705189977,1972-05-13,1972.0
shulead01w,Georgia,Unknown,G,167.64000000000001,69.399576,1969-04-24,1969.0
shumajo01w,Unknown,Unknown,Unknown,185.42000000000002,75.749864,,
simondy01w,Arizona_State,Unknown,G,165.1,62.142103999999996,1989-09-29,1989.0
simpsda01w,Houston,Unknown,F,190.5,72.57472,1969-04-11,1969.0
slaisma01w,Cincinnati,Unknown,G,172.72,78.471416,1973-08-23,1973.0
slauggw01w,Tulane,Unknown,F,190.5,82.100152,1980-07-01,1980.0
slavtge01w,Florida_International,Unknown,G,185.42000000000002,72.57472,1979-10-20,1979.0
smithai01w,Louisiana_State,Unknown,F,187.96,78.471416,1980-07-18,1980.0
smithbr01w,Stanford,Unknown,F,190.5,88.45044,1984-04-30,1984.0
smithch01w,Arkansas,Unknown,G,170.18,63.50288,1975-08-14,1975.0
smithch02w,Stanford,Unknown,F,177.8,65.77083999999999,1975-05-02,1975.0
smithch03w,North_Carolina,Unknown,G,182.88,67.131616,1973-08-23,1973.0
smithcr01w,Iowa,Unknown,G,167.64000000000001,54.884631999999996,1984-03-12,1984.0
smithje01w,Michigan,Unknown,C,190.5,89.811216,1982-04-10,1982.0
smithka01w,Ohio_State,Unknown,G,180.34,78.925008,1974-06-04,1974.0
smithki01w,Utah,Unknown,F,185.42000000000002,71.667536,1984-05-07,1984.0
smithla01w,Mississippi_State,Unknown,G,170.18,68.0388,1974-02-06,1974.0
smithta01w,Iowa,Unknown,F,193.04,72.57472,1977-04-01,1977.0
smithty01w,Delaware,Unknown,F,182.88,76.23469705189977,1985-04-21,1985.0
smithwa01w,Duke,Unknown,G,180.34,79.3786,1985-07-09,1985.0
snellbe01w,University_of_Sydney,Unknown,G,175.26,77.11064,1981-10-01,1981.0
snowmi01w,Tennessee,Unknown,C,195.58,71.667536,1980-03-20,1980.0
sobrale01w,Unknown,Unknown,F,185.42000000000002,83.007336,1974-11-22,1974.0
sobrama01w,Unknown,Unknown,C,190.5,73.935496,1964-03-23,1964.0
spencsi01w,Tennessee,Unknown,G,190.5,83.007336,1985-03-07,1985.0
spornra01w,Unknown,Unknown,F,187.96,68.0388,1968-05-26,1968.0
stafftr01w,California,Unknown,F,185.42000000000002,81.64656,1970-11-11,1970.0
staleda01w,Virginia,Unknown,G,167.64000000000001,60.781328,1970-05-04,1970.0
stanlma99w,Unknown,Unknown,Unknown,185.42000000000002,75.749864,,
stansti01w,North_Carolina_State,Unknown,F,190.5,83.007336,1983-01-16,1983.0
starbka01w,Stanford,Unknown,G,185.42000000000002,69.399576,1975-07-30,1975.0
stedika01w,Stanford,Unknown,F,182.88,78.471416,1967-12-11,1967.0
stepama01w,Unknown,Unknown,C,203.2,84.821704,1979-02-23,1979.0
stephre01w,UCLA,Unknown,G,180.34,72.57472,1969-12-28,1969.0
stephst01w,Texas,Unknown,C,193.04,92.98636,1982-01-21,1982.0
sterkca01w,Central_Michigan,Unknown,F,187.96,77.11064,,
stevema01w,Auburn,Unknown,F,190.5,75.296272,1982-02-04,1982.0
stileja01w,Missouri_State,Unknown,G,172.72,65.317248,1978-12-21,1978.0
stillva01w,Kentucky,Unknown,F,185.42000000000002,68.492392,1961-05-14,1961.0
stinsan01w,North_Carolina_State,Unknown,G,177.8,71.667536,1967-11-25,1967.0
stiresh01w,Kansas_State,Unknown,F,180.34,94.347136,1972-05-21,1972.0
stockta01w,Florida,Unknown,F,187.96,74.84268,1979-01-29,1979.0
streiju01w,Unknown,Unknown,F,187.96,74.84268,1972-05-14,1972.0
stricsh01w,Tennessee,Unknown,G,187.96,80.739376,1990-07-30,1990.0
strotan01w,Connecticut,Unknown,G,190.5,75.296272,1983-12-11,1983.0
suberto01w,Virginia,Unknown,G,170.18,62.142103999999996,1974-11-23,1974.0
summela01w,Unknown,Unknown,C,187.96,75.749864,1983-12-13,1983.0
sun-mju01w,Unknown,Unknown,C,185.42000000000002,76.203456,1974-10-12,1974.0
suttota01w,Rutgers,Unknown,C,193.04,90.264808,1978-01-27,1978.0
swanike01w,Connecticut,Unknown,G,170.18,65.317248,1986-08-10,1986.0
swoopsh01w,Texas_Tech,Unknown,F,182.88,65.77083999999999,1971-03-25,1971.0
swordca01w,Boston_College,Unknown,C,198.12,95.25431999999999,1989-07-19,1989.0
sykesap01w,Rutgers,Unknown,G,182.88,76.23469705189977,1990-07-30,1990.0
tatede01w,Maryland,Unknown,G,172.72,68.0388,1966-05-13,1966.0
tateso01w,Arkansas_State,Unknown,G,167.64000000000001,71.213944,1971-09-07,1971.0
tauradi01w,Connecticut,Unknown,F,182.88,78.017824,1982-06-11,1982.0
taylode99w,Unknown,Unknown,Unknown,185.42000000000002,75.749864,,
tayloli01w,UC_Santa_Barbara,Unknown,C,203.2,90.7184,1981-05-20,1981.0
taylope01w,Unknown,Unknown,F,185.42000000000002,76.203456,1981-05-24,1981.0
teaslni01w,North_Carolina,Unknown,G,182.88,76.657048,1979-03-22,1979.0
teilaza01w,Western_Illinois,Unknown,C,200.66,77.11064,1983-09-24,1983.0
terryka01w,Georgia_Tech,Unknown,C,190.5,83.007336,1983-10-21,1983.0
thibami99w,Unknown,Unknown,Unknown,185.42000000000002,75.749864,,
thirdtr01w,Washington,Unknown,F,180.34,72.57472,1968-02-27,1968.0
thomaca01w,Vanderbilt,Unknown,F,190.5,90.7184,1985-10-31,1985.0
thomach01w,Georgia,Unknown,C,190.5,83.91452,1982-08-14,1982.0
thomaja01w,Duke,Unknown,G,175.26,65.77083999999999,1989-09-30,1989.0
thomakr01w,Duke,Unknown,C,195.58,88.45044,1989-06-10,1989.0
thomala01w,Mississippi_State,Unknown,F,187.96,74.84268,1981-07-06,1981.0
thomast01w,Michigan,Unknown,F,177.8,69.853168,1978-08-29,1978.0
thompal01w,Texas_Tech,Unknown,F,185.42000000000002,81.64656,1976-06-30,1976.0
thompam01w,Oklahoma,Unknown,F,185.42000000000002,77.11064,1987-11-18,1987.0
thompka99w,Unknown,Unknown,Unknown,185.42000000000002,75.749864,,
thomppa01w,Tennessee,Unknown,F,185.42000000000002,87.543256,1975-01-16,1975.0
thompsh01w,Unknown,Unknown,Unknown,185.42000000000002,75.749864,,
thompti01w,USC,Unknown,F,187.96,80.739376,1975-02-10,1975.0
thorbsh01w,Utah,Unknown,G,175.26,67.585208,1982-08-07,1982.0
thorner01w,Brigham_Young,Unknown,G,177.8,68.0388,1981-05-19,1981.0
threaro01w,Wisconsin,Unknown,G,170.18,68.0388,1970-07-01,1970.0
tilliic01w,Duke,Unknown,C,195.58,74.84268,1981-12-06,1981.0
timmsmi01w,Unknown,Unknown,G,170.18,59.874144,1965-06-28,1965.0
tolerpe01w,Long_Beach_State,Unknown,G,172.72,59.874144,1966-03-24,1966.0
tolivkr01w,Maryland,Unknown,G,170.18,58.96696,1987-01-27,1987.0
torniel01w,Unknown,Unknown,F,185.42000000000002,72.57472,1965-05-27,1965.0
torrele01w,Florida_State,Unknown,C,190.5,77.564232,1978-04-06,1978.0
traviti01w,Flordia,Unknown,G,180.34,65.77083999999999,1978-03-20,1978.0
tremich01w,Auburn,Unknown,G,167.64000000000001,64.410064,1969-10-20,1969.0
tricetr01w,North_Carolina_State,Unknown,F,187.96,81.64656,1965-08-04,1965.0
tunsine01w,Iowa_State,Unknown,G,185.42000000000002,77.11064,1970-08-22,1970.0
turneba01w,Connecticut,Unknown,G,182.88,78.017824,1984-06-08,1984.0
tutermo01w,Arizona_State,Unknown,G,182.88,70.30676,1975-08-25,1975.0
tuvicsl01w,Unknown,Unknown,C,193.04,87.996848,1977-09-19,1977.0
tzekopo01w,Unknown,Unknown,C,193.04,85.728888,1968-04-30,1968.0
udokamf01w,DePaul,Unknown,F,182.88,84.821704,1976-06-16,1976.0
ujhelpe01w,South_Carolina,Unknown,F,193.04,90.7184,1980-12-17,1980.0
umoh-it01w,Clemson,Unknown,G,170.18,63.50288,1977-02-21,1977.0
valdeam01w,Unknown,Unknown,F,185.42000000000002,72.57472,1976-08-18,1976.0
vandeco01w,Gonzaga,Unknown,G,172.72,58.96696,1989-02-08,1989.0
vandehe99w,Unknown,Unknown,Unknown,185.42000000000002,75.749864,,
vanemal01w,UCLA,Unknown,F,190.5,79.3786,1968-04-14,1968.0
vangomi01w,Duke,Unknown,C,198.12,84.821704,1977-05-10,1977.0
vaughki01w,Rutgers,Unknown,C,193.04,94.347136,1987-01-24,1987.0
vaughkr01w,Virginia_Commonwealth,Unknown,F,185.42000000000002,72.57472,1986-09-08,1986.0
vealkr01w,Unknown,Unknown,G,177.8,68.0388,1981-07-24,1981.0
veselja01w,none,Unknown,F,190.5,88.45044,1983-12-31,1983.0
vidicbo01w,Oregon_State,Unknown,G,175.26,60.327736,1973-01-07,1973.0
viglida01w,Texas,Unknown,G,177.8,71.213944,1975-03-07,1975.0
vilipda01w,Unknown,Unknown,F,193.04,93.893544,1975-03-30,1975.0
vodicka01w,Unknown,Unknown,F,193.04,86.18248,1972-12-19,1972.0
vodopna01w,Unknown,Unknown,F,190.5,82.100152,1981-04-06,1981.0
voigtka01w,Wisconsin,Unknown,G,185.42000000000002,73.481904,1975-04-07,1975.0
vukadmi01w,California,Unknown,G,185.42000000000002,68.0388,1968-11-18,1968.0
walkeas01w,California,Unknown,F,185.42000000000002,90.7184,1987-02-24,1987.0
walkeay01w,Louisiana_Tech,Unknown,F,190.5,64.410064,1979-09-10,1979.0
walkeda01w,Unknown,Unknown,Unknown,185.42000000000002,75.749864,,
walkede01w,Virginia,Unknown,F,190.5,76.203456,1977-11-28,1977.0
walkema01w,Pittsburgh,Unknown,C,190.5,114.758776,1986-10-17,1986.0
walsema01w,Penn_State,Unknown,F,187.96,83.460928,1978-10-28,1978.0
wardvo01w,Tennessee,Unknown,C,198.12,77.11064,1973-03-16,1973.0
warleav01w,Liberty,Unknown,C,190.5,80.96255005964697,1987-05-17,1987.0
washico01w,Notre_Dame,Unknown,G,167.64000000000001,62.595696,1971-01-17,1971.0
washito01w,Florida,Unknown,F,180.34,72.57472,1977-12-30,1977.0
wautean01w,Unknown,Unknown,C,193.04,87.543256,1980-10-12,1980.0
weathte01w,Louisiana_Tech,Unknown,G,172.72,73.028312,1965-12-08,1965.0
webbum01w,North_Carolina_State,Unknown,G,177.8,73.481904,1975-06-26,1975.0
weberma01w,Iona,Unknown,C,195.58,90.7184,1982-06-01,1982.0
weckeke01w,Kansas_State,Unknown,F,185.42000000000002,78.017824,1982-12-16,1982.0
weisery99w,Unknown,Unknown,Unknown,185.42000000000002,75.749864,,
westhpa99w,Unknown,Unknown,Unknown,185.42000000000002,75.749864,,
whaleli01w,Minnesota,Unknown,G,172.72,68.0388,1982-05-09,1982.0
whisejo99w,Unknown,Unknown,Unknown,185.42000000000002,75.749864,,
whitede01w,Louisiana_State,Unknown,F,180.34,81.64656,1980-04-03,1980.0
whiteer01w,Louisiana_State,Unknown,G,160.02,61.23492,1986-08-26,1986.0
whiteta01w,Mississippi_State,Unknown,G,170.18,69.853168,1982-09-27,1982.0
whitiva01w,Stanford,Unknown,C,187.96,90.264808,1972-04-09,1972.0
whitmta01w,Memphis,Unknown,F,187.96,86.18248,1977-06-05,1977.0
whittje01w,Unknown,Unknown,C,195.58,79.83219199999999,1973-09-05,1973.0
whittkh01w,North_Carolina_State,Unknown,F,185.42000000000002,83.91452,1986-08-05,1986.0
wickssu01w,Rutgers,Unknown,F,190.5,86.636072,1966-11-26,1966.0
widemja01w,Stanford,Unknown,G,167.64000000000001,61.23492,1975-10-16,1975.0
wiggica01w,Stanford,Unknown,G,180.34,69.853168,1987-02-14,1987.0
wilkeda01w,Long_Beach_State,Unknown,G,165.1,54.884631999999996,1969-02-27,1969.0
wilkibr01w,Iowa_State,Unknown,C,190.5,83.91452,1983-06-15,1983.0
williad01w,USC,Unknown,F,195.58,77.11064,1977-02-15,1977.0
willian01w,Illinois,Unknown,G,182.88,67.585208,1983-07-21,1983.0
willibe01w,Texas,Unknown,G,175.26,65.77083999999999,1965-11-09,1965.0
willide01w,Louisiana_Tech,Unknown,G,172.72,72.57472,1972-09-23,1972.0
willifr99w,Unknown,Unknown,Unknown,185.42000000000002,75.749864,,
willigr99w,Unknown,Unknown,Unknown,185.42000000000002,75.749864,,
williki01w,DePaul,Westark_CC,G,167.64000000000001,61.688512,1974-10-14,1974.0
willile01w,Auburn,Unknown,F,182.88,90.7184,1981-02-10,1981.0
willile02w,DePaul,Unknown,G,180.34,70.30676,1979-07-04,1979.0
willili01w,UCLA,Unknown,G,180.34,77.11064,1984-06-13,1984.0
willina01w,UCLA,Unknown,F,187.96,95.25431999999999,1970-11-30,1970.0
williri01w,Connecticut,Unknown,G,167.64000000000001,61.23492,1976-01-14,1976.0
williri02w,Miami,Unknown,G,170.18,74.84268,1990-05-28,1990.0
willisa01w,Auburn,Unknown,G,182.88,76.23469705189977,1973-09-24,1973.0
willish01w,Oregon,Unknown,G,167.64000000000001,61.23492,1980-04-14,1980.0
willita01w,Auburn,Unknown,G,180.34,77.11064,1974-07-23,1974.0
willito01w,Texas_A&M,Unknown,G,172.72,62.595696,1982-01-11,1982.0
williwe01w,Arkansas,Unknown,G,170.18,63.956472,1978-11-18,1978.0
wilsoam01w,Louisiana_Tech,Unknown,F,180.34,79.83219199999999,1977-02-06,1977.0
wintebr01w,Unknown,Unknown,Unknown,185.42000000000002,75.749864,,
wirthch01w,Vanderbilt,Unknown,F,185.42000000000002,83.91452,1987-04-18,1987.0
wisdoli01w,Purdue,Unknown,F,187.96,84.368112,1986-05-26,1986.0
witheso01w,Florida,Unknown,G,177.8,65.77083999999999,1969-07-06,1969.0
wojtaju01w,Wisconsin-Green_Bay,Unknown,G,182.88,79.3786,1989-04-09,1989.0
wolteka01w,Connecticut,Unknown,C,200.66,102.965384,1975-08-15,1975.0
wolvean01w,Oregon,Unknown,F,190.5,92.98636,1978-12-08,1978.0
woodaly01w,Kansas,Unknown,G,182.88,72.57472,1959-08-12,1959.0
woodki01w,Wisconsin-Green_Bay,Unknown,C,193.04,82.53850106222939,1972-09-16,1972.0
woolror01w,Unknown,Unknown,Unknown,185.42000000000002,75.749864,,
wooslti01w,Tennessee,Unknown,G,170.18,59.874144,1973-04-04,1973.0
wrighfa01w,San_Diego_State,Unknown,G,167.64000000000001,58.96696,1973-01-28,1973.0
wrighmo01w,Virginia,Unknown,G,180.34,80.739376,1988-07-15,1988.0
wrighsh01w,Purdue,Unknown,F,177.8,70.30676,1981-09-21,1981.0
wrighta01w,Penn_State,Unknown,G,180.34,74.84268,1983-11-20,1983.0
wyckobr01w,Florida_State,Unknown,F,185.42000000000002,83.007336,1980-03-30,1980.0
wynneda01w,Seton_Hall,Unknown,F,187.96,79.3786,1975-02-02,1975.0
yamasli01w,Stanford,Unknown,G,185.42000000000002,86.18248,1980-06-02,1980.0
yasenco01w,Purdue,Unknown,G,182.88,72.57472,1973-12-05,1973.0
yilmane01w,Unknown,Unknown,F,193.04,87.543256,1980-06-06,1980.0
youngca01w,Auburn,Unknown,G,175.26,79.3786,1969-07-28,1969.0
youngso01w,Baylor,Unknown,F,185.42000000000002,74.84268,1983-12-15,1983.0
youngta01w,James_Madison,Unknown,F,187.96,75.296272,1986-10-30,1986.0
zakalok01w,Unknown,Unknown,C,198.12,78.925008,1977-12-18,1977.0
zarafr01w,Unknown,Unknown,G,177.8,66.224432,1976-12-08,1976.0
zellosh01w,Pittsburgh,Unknown,G,177.8,70.30676,1986-08-28,1986.0
zhengha01w,Unknown,Unknown,C,203.2,115.212368,1967-03-07,1967.0
zierddo99w,Unknown,Unknown,Unknown,185.42000000000002,75.749864,,
zirkozu01w,Unknown,Unknown,G,175.26,65.77083999999999,1980-06-06,1980.0
zollsh01w,Virginia,Unknown,G,170.18,67.131616,1986-07-11,1986.0
